{"cameraMode":{"drawMode":0,"name":"Shaded","section":"Shading Mode"},"sceneLighting":false,"audioPlay":false,"sceneViewState":{"showFog":true,"showMaterialUpdate":false,"showSkybox":true,"showFlares":true,"showImageEffects":true,"showParticleSystems":true},"in2DMode":false,"pivot":{"x":60.429901123046878,"y":2.2094459533691408,"z":5.25638484954834},"rotation":{"x":-0.06646185368299484,"y":-0.6859531998634338,"z":0.06315196305513382,"w":-0.7218533754348755},"size":3.662015438079834,"orthographic":false}