{"cameraMode":{"drawMode":0,"name":"Shaded","section":"Shading Mode"},"sceneLighting":false,"audioPlay":false,"sceneViewState":{"showFog":true,"showMaterialUpdate":false,"showSkybox":false,"showFlares":true,"showImageEffects":true,"showParticleSystems":true},"in2DMode":false,"pivot":{"x":59.83000183105469,"y":1.2601350545883179,"z":7.435327529907227},"rotation":{"x":0.12892426550388337,"y":-0.0205155648291111,"z":0.002675289986655116,"w":0.9914590716362},"size":2.243638753890991,"orthographic":false}